{"stats":{"minecraft:picked_up":{"minecraft:stick":27,"dynamictrees:dark_oak_seed":4,"oresabovediamonds:nether_black_opal_ore":1,"oresabovediamonds:black_opal_ore":1,"minecraft:gold_ore":2,"oresabovediamonds:end_amethyst_ore":1,"minecraft:dark_oak_log":88,"minecraft:dark_oak_planks":14,"oresabovediamonds:amethyst_ore":1},"minecraft:custom":{"minecraft:time_since_rest":52223,"minecraft:open_chest":9,"minecraft:play_one_minute":52223,"minecraft:crouch_one_cm":106,"minecraft:walk_one_cm":22663,"minecraft:sneak_time":251,"minecraft:drop":6,"minecraft:jump":20,"minecraft:leave_game":2,"minecraft:time_since_death":52223,"minecraft:sprint_one_cm":548,"minecraft:fly_one_cm":112060},"minecraft:mined":{"minecraft:dark_oak_planks":14},"minecraft:dropped":{"oresabovediamonds:amethyst_ore":1,"minecraft:gold_ore":2,"oresabovediamonds:nether_black_opal_ore":1,"oresabovediamonds:end_amethyst_ore":1,"astralsorcery:tome":1,"oresabovediamonds:black_opal_ore":1},"minecraft:crafted":{"minecraft:chest":1,"tconstruct:pattern":3,"minecraft:dark_oak_planks":28,"minecraft:crafting_table":1,"tconstruct:crafting_station":1},"minecraft:used":{"minecraft:dark_oak_planks":14,"minecraft:potion":1,"minecraft:glass_bottle":1,"tconstruct:crafting_station":1,"toughasnails:dirty_water_bottle":1,"ironchest:iron_chest":1,"minecraft:chest":1}},"DataVersion":2586}